{
  "Checkout Request" : {
    "transaction" : "Checkout Request",
    "sampleCount" : 20,
    "errorCount" : 20,
    "errorPct" : 100.0,
    "meanResTime" : 44.24999999999999,
    "medianResTime" : 44.0,
    "minResTime" : 42.0,
    "maxResTime" : 46.0,
    "pct1ResTime" : 46.0,
    "pct2ResTime" : 46.0,
    "pct3ResTime" : 46.0,
    "throughput" : 5.235602094240838,
    "receivedKBytesPerSec" : 12.383937336387435,
    "sentKBytesPerSec" : 1.728157722513089
  },
  "Total" : {
    "transaction" : "Total",
    "sampleCount" : 60,
    "errorCount" : 40,
    "errorPct" : 66.666664,
    "meanResTime" : 79.16666666666664,
    "medianResTime" : 45.0,
    "minResTime" : 42.0,
    "maxResTime" : 894.0,
    "pct1ResTime" : 144.9,
    "pct2ResTime" : 153.59999999999997,
    "pct3ResTime" : 894.0,
    "throughput" : 12.586532410320958,
    "receivedKBytesPerSec" : 33.43830304698972,
    "sentKBytesPerSec" : 3.9046111285924057
  },
  "Login" : {
    "transaction" : "Login",
    "sampleCount" : 20,
    "errorCount" : 0,
    "errorPct" : 0.0,
    "meanResTime" : 148.85,
    "medianResTime" : 90.0,
    "minResTime" : 43.0,
    "maxResTime" : 894.0,
    "pct1ResTime" : 460.00000000000074,
    "pct2ResTime" : 873.9999999999998,
    "pct3ResTime" : 894.0,
    "throughput" : 4.276245456489203,
    "receivedKBytesPerSec" : 13.852696707290999,
    "sentKBytesPerSec" : 1.3613828308744924
  },
  "View Products" : {
    "transaction" : "View Products",
    "sampleCount" : 20,
    "errorCount" : 20,
    "errorPct" : 100.0,
    "meanResTime" : 44.400000000000006,
    "medianResTime" : 44.5,
    "minResTime" : 42.0,
    "maxResTime" : 46.0,
    "pct1ResTime" : 45.900000000000006,
    "pct2ResTime" : 46.0,
    "pct3ResTime" : 46.0,
    "throughput" : 5.234231876472127,
    "receivedKBytesPerSec" : 12.38018516095263,
    "sentKBytesPerSec" : 1.4772392698246533
  }
}